fold,mae_fold,r2_fold
1,0.006806841969999986,0.9937766638047505
2,0.006666272644999991,0.9925279837146723
3,0.007278825895000004,0.992471597270816
4,0.006994521259999999,0.9909428702911773
5,0.007011917710000004,0.992903766994106
mean,0.0069516758959999965,0.9925245764151043
std,0.00020732766579400724,0.0009182723984093801
